player,elo_hard,elo_clay,elo_grass,form,matches_total
Jannik Sinner,2055.0,1718.8,1660.3,0.95,353
Novak Djokovic,1891.3,1819.6,1715.1,0.9,610
Alexander Zverev,1863.9,1813.9,1627.7,0.8,652
Carlos Alcaraz,1855.1,1852.7,1731.5,0.8,265
Taylor Fritz,1814.5,1683.3,1640.9,0.7,476
Daniil Medvedev,1813.4,1667.3,1673.5,0.55,537
Grigor Dimitrov,1793.6,1660.6,1572.2,0.7,525
Ugo Humbert,1777.3,1436.7,1546.5,0.65,271
Jack Draper,1761.3,1514.7,1607.2,0.75,130
Holger Rune,1751.2,1688.5,1562.6,0.7,228
Karen Khachanov,1744.2,1671.8,1532.4,0.7,472
Alex De Minaur,1737.5,1637.9,1641.7,0.55,410
Sebastian Korda,1731.2,1553.6,1593.8,0.75,206
Roger Federer,1717.6,1597.9,1665.6,0.7,309
Tommy Paul,1699.9,1597.6,1658.3,0.6,300
Ben Shelton,1698.8,1531.2,1504.3,0.65,123
Nick Kyrgios,1698.5,1534.5,1584.3,0.75,305
Alexei Popyrin,1695.1,1529.3,1456.1,0.65,206
Tomas Machac,1690.5,1587.6,1477.6,0.6,90
Hubert Hurkacz,1688.7,1663.4,1612.2,0.65,350
Stefanos Tsitsipas,1683.1,1820.4,1549.3,0.55,512
Gael Monfils,1682.5,1472.7,1544.4,0.55,411
Jordan Thompson,1681.7,1419.2,1578.8,0.6,300
Frances Tiafoe,1666.8,1544.9,1566.3,0.65,399
Andrey Rublev,1656.0,1695.7,1586.7,0.45,519
Jenson Brooksby,1652.8,1481.0,1520.8,0.55,79
Flavio Cobolli,1648.9,1563.2,1497.8,0.6,79
Arthur Fils,1646.2,1599.0,1535.3,0.65,109
Tallon Griekspoor,1642.8,1531.5,1573.0,0.5,190
Denis Shapovalov,1637.7,1559.0,1539.0,0.7,381
David Goffin,1637.0,1513.3,1519.9,0.7,494
Alex Michelsen,1631.6,1478.0,1534.6,0.6,79
Jiri Lehecka,1630.6,1570.4,1524.0,0.55,144
Matteo Berrettini,1630.0,1750.3,1642.4,0.65,289
Emil Ruusuvuori,1629.7,1449.2,1506.2,0.45,214
Casper Ruud,1618.8,1790.2,1488.6,0.35,397
Jakub Mensik,1612.5,1544.9,1477.7,0.55,49
Matteo Arnaldi,1612.2,1579.8,1473.5,0.45,92
Tomas Berdych,1612.1,1546.7,1549.0,0.55,238
Cameron Norrie,1606.9,1618.0,1556.4,0.45,365
Pablo Carreno Busta,1606.9,1572.8,1470.1,0.45,445
Brandon Nakashima,1606.5,1519.6,1537.2,0.55,176
Joao Fonseca,1605.7,1505.1,1487.2,0.6,20
Hamad Medjedovic,1603.5,1497.3,1495.4,0.6,39
Thanasi Kokkinakis,1601.1,1502.3,1504.6,0.5,164
Felix Auger Aliassime,1598.2,1687.5,1526.8,0.55,364
Marcos Giron,1597.9,1465.3,1573.0,0.55,221
Francisco Cerundolo,1597.9,1686.6,1492.8,0.55,190
Roberto Bautista Agut,1597.0,1541.7,1608.7,0.6,561
Fabian Marozsan,1596.4,1510.4,1451.8,0.4,72
Juan Martin del Potro,1594.8,1535.1,1519.6,0.6,178
Kei Nishikori,1593.3,1528.9,1500.5,0.5,374
Alejandro Davidovich Fokina,1592.5,1558.5,1466.7,0.45,233
Milos Raonic,1591.8,1502.7,1552.4,0.5,318
Bu Yunchaokete,1591.5,1491.8,1500.0,0.556,18
Alexandr Dolgopolov,1585.4,1539.0,1517.3,0.5,146
Hyeon Chung,1583.5,1545.2,1493.3,0.45,149
Rafael Nadal,1582.8,1649.8,1550.0,0.6,471
Lorenzo Musetti,1582.6,1706.1,1645.3,0.55,245
Roman Safiullin,1581.3,1506.1,1523.0,0.5,107
Yoshihito Nishioka,1580.0,1522.9,1465.1,0.6,284
Arthur Rinderknech,1579.0,1503.2,1463.6,0.55,157
Giovanni Mpetshi Perricard,1577.9,1550.4,1516.7,0.55,34
David Ferrer,1575.4,1575.2,1479.8,0.45,217
Michael Mmoh,1573.1,1492.5,1500.2,0.6,70
Jeremy Chardy,1572.4,1475.2,1481.5,0.35,284
Ricardas Berankis,1572.3,1467.3,1482.3,0.55,190
Borna Gojo,1572.2,1490.2,1476.4,0.45,42
Benjamin Bonzi,1570.7,1460.9,1502.0,0.4,106
Dominik Koepfer,1567.5,1520.9,1467.3,0.4,133
Laslo Djere,1566.7,1537.3,1458.7,0.4,292
Yibing Wu,1564.9,1482.6,1476.5,0.4,48
Mikael Ymer,1561.2,1490.4,1504.5,0.4,152
Rinky Hijikata,1558.5,1452.5,1490.3,0.45,64
Andy Murray,1557.9,1480.7,1528.7,0.35,376
Christopher Oconnell,1556.3,1450.6,1497.4,0.4,117
Yannick Hanfmann,1556.3,1564.5,1489.2,0.55,153
Tomas Martin Etcheverry,1556.1,1629.8,1445.1,0.5,137
Alexander Bublik,1553.2,1495.6,1614.1,0.35,302
Blaise Bicknell,1553.0,1485.5,1500.0,0.667,9
Arthur Cazaux,1553.0,1459.9,1489.3,0.4,29
Marcelo Arevalo,1552.4,1508.2,1500.0,0.75,30
Nam Hoang Ly,1552.3,1496.3,1500.0,0.7,10
Altug Celikbilek,1551.7,1492.5,1495.4,0.6,22
Darian King,1551.5,1501.3,1500.0,0.6,40
Botic Van De Zandschulp,1551.0,1536.4,1491.1,0.45,186
Mackenzie Mcdonald,1550.8,1405.4,1512.8,0.3,229
Dominic Stricker,1549.1,1481.3,1492.0,0.35,49
Learner Tien,1548.7,1500.0,1500.0,0.5,12
Radek Stepanek,1545.8,1514.4,1484.9,0.5,43
Stan Wawrinka,1545.8,1504.8,1506.3,0.4,391
Julien Benneteau,1545.2,1451.3,1502.0,0.45,73
Ilya Ivashka,1545.1,1474.1,1500.0,0.35,178
Marin Cilic,1544.7,1544.1,1579.3,0.4,457
Marcos Baghdatis,1544.5,1433.6,1516.0,0.45,164
Alex Knaff,1544.3,1498.6,1500.0,0.545,11
Alejandro Tabilo,1543.7,1559.0,1557.6,0.3,113
Miomir Kecmanovic,1542.6,1570.0,1503.5,0.45,293
Zizou Bergs,1542.5,1488.8,1483.2,0.55,60
Sebastian Ofner,1541.4,1483.4,1495.8,0.4,93
Alexander Shevchenko,1540.8,1499.8,1474.4,0.4,86
Juncheng Shang,1539.4,1461.9,1520.1,0.5,62
Gilles Simon,1538.7,1466.4,1488.6,0.45,339
Gabriel Diallo,1538.4,1487.3,1476.9,0.5,26
Henrique Rocha,1537.4,1484.7,1500.0,0.5,6
Adrian Mannarino,1537.0,1330.4,1539.1,0.35,520
Alex Molcan,1536.8,1596.3,1489.5,0.5,95
Tucker Vorster,1536.7,1500.0,1500.0,0.714,7
Nicolas Jarry,1536.0,1610.6,1504.3,0.35,227
Borna Coric,1535.2,1535.8,1486.4,0.35,404
Lorenzo Sonego,1534.9,1534.2,1526.2,0.5,298
Aleksandar Vukic,1533.6,1451.7,1554.9,0.55,94
Aleksandre Bakshi,1532.4,1500.0,1500.0,0.75,4
Jan Lennard Struff,1531.0,1690.2,1564.6,0.55,422
Olaf Pieczkowski,1531.0,1500.0,1500.0,1.0,2
Cezar Cretu,1530.7,1500.0,1500.0,1.0,2
Nuno Borges,1529.6,1577.3,1429.6,0.55,89
Reilly Opelka,1529.4,1517.8,1510.5,0.45,188
Chieh Fu Wang,1529.2,1500.0,1500.0,1.0,2
Moez Echargui,1529.2,1479.9,1500.0,0.6,5
Christian Garay,1528.7,1500.0,1500.0,1.0,2
Martin Damm,1528.4,1500.0,1500.0,0.667,3
Thomas Yaka Kofi Setodji,1528.4,1500.0,1500.0,0.75,4
Nicolai Budkov Kjaer,1528.2,1480.6,1500.0,0.5,4
Frederik Nielsen,1527.4,1500.0,1500.0,0.632,19
Beibit Zhukayev,1527.4,1500.0,1500.0,0.444,9
Liang Chi Huang,1527.3,1517.1,1500.0,1.0,3
Jonas Forejtek,1527.3,1500.0,1500.0,0.75,4
Juan Manuel Cerundolo,1526.4,1453.1,1488.7,0.35,41
Filip Cristian Jianu,1526.3,1500.0,1500.0,0.75,4
John Bryan Decasa Otico,1525.9,1479.8,1500.0,0.5,4
Dragos Dima,1525.8,1500.0,1500.0,1.0,2
Yosuke Watanuki,1524.5,1493.6,1508.9,0.4,39
Christopher Rungkat,1524.0,1500.0,1500.0,1.0,5
Alibek Kachmazov,1523.9,1500.0,1500.0,0.444,9
Tung Lin Wu,1523.9,1500.0,1500.0,0.5,14
Elmer Moller,1523.5,1512.0,1500.0,0.667,6
Pierre Hugues Herbert,1523.4,1485.5,1487.8,0.35,209
Francisco Comesana,1522.8,1457.1,1523.5,0.364,11
Zsombor Piros,1522.4,1532.4,1500.0,0.588,17
John Millman,1522.3,1471.5,1475.1,0.35,261
Mattia Bellucci,1522.1,1485.9,1483.4,0.4,15
Fitriadi M Rifqi,1521.3,1500.0,1500.0,0.5,6
Vasek Pospisil,1521.1,1484.7,1489.8,0.4,201
Patrick Kypson,1521.1,1470.2,1500.0,0.333,9
Daniel Vallejo,1520.9,1499.7,1500.0,0.75,4
Daniel Garza,1520.8,1500.0,1500.0,0.667,3
Ergi Kirkin,1519.9,1500.0,1495.6,0.5,4
Jo-Wilfried Tsonga,1519.8,1470.7,1505.7,0.15,240
Alexis Galarneau,1519.7,1491.4,1500.0,0.4,5
John Isner,1519.5,1552.0,1566.3,0.4,413
Jurgen Melzer,1519.3,1509.0,1500.0,0.5,33
Kamil Majchrzak,1518.8,1486.4,1491.1,0.5,71
Kittipong Wachiramanowong,1518.5,1500.0,1469.5,0.5,6
Thiago Seyboth Wild,1518.5,1515.7,1506.4,0.45,79
Ricardo Ojeda Lara,1518.3,1494.5,1500.0,0.5,6
Jerzy Janowicz,1517.9,1486.9,1512.3,0.4,64
Dominic Thiem,1517.4,1508.0,1466.4,0.3,507
Markus Eriksson,1517.1,1504.2,1500.0,0.6,5
Gonzalo Escobar,1516.7,1499.1,1500.0,0.5,8
Mohammad Ghareeb,1516.7,1511.9,1500.0,0.8,5
Demetris Azoides,1516.6,1500.0,1500.0,1.0,1
Jack Loutit,1516.4,1500.0,1500.0,1.0,1
Remy Bertola,1516.4,1500.0,1500.0,1.0,1
Matej Dodig,1516.2,1507.3,1500.0,0.667,3
Sylvestre Monnou,1516.0,1500.0,1500.0,1.0,1
Sunu Wahyu Trijati,1516.0,1500.0,1500.0,1.0,1
Sarp Agabigun,1516.0,1500.0,1500.0,1.0,1
Ari Fahresi,1516.0,1500.0,1500.0,1.0,1
Cristian Rodriguez,1516.0,1500.0,1500.0,1.0,1
Stylianos Christodoulou,1516.0,1492.1,1500.0,0.5,2
Skyler Butts,1516.0,1500.0,1500.0,1.0,1
Edris Fetisleam,1516.0,1500.0,1500.0,1.0,1
Benedict Badza,1516.0,1500.0,1500.0,1.0,1
Raphael Calzi,1516.0,1500.0,1500.0,1.0,1
Miguel Angel Este,1516.0,1487.6,1500.0,0.5,2
Conner Huertas Del Pino,1516.0,1500.0,1500.0,1.0,1
Martyn Pawelski,1516.0,1500.0,1500.0,1.0,1
Lofo Ramiaramanana,1516.0,1500.0,1500.0,1.0,1
Nicolas Xiviller,1516.0,1500.0,1500.0,1.0,1
Digvijaypratap Singh,1516.0,1500.0,1500.0,1.0,1
Marc Lopez,1516.0,1500.0,1500.0,1.0,1
Aljaz Radinski,1516.0,1500.0,1500.0,1.0,1
Thomas Oger,1516.0,1500.0,1500.0,1.0,1
Marat Deviatiarov,1516.0,1500.0,1500.0,1.0,1
Johannes Seeman,1516.0,1500.0,1500.0,1.0,1
Arklon Huertas Del Pino,1516.0,1500.0,1500.0,1.0,1
Rhett Purcell,1515.8,1500.0,1500.0,1.0,1
Matthew Barton,1515.7,1501.2,1502.2,0.5,8
Matwe Middelkoop,1515.7,1500.0,1500.0,1.0,2
Anthony Jackie Tang,1515.5,1500.0,1500.0,1.0,1
Matheus Pucinelli De Almeida,1515.3,1508.7,1500.0,0.75,4
Jean Jacques Rakotohasy,1515.3,1509.0,1500.0,1.0,2
Bogdan Borza,1515.2,1500.0,1500.0,1.0,1
Karan Rastogi,1515.1,1500.0,1500.0,1.0,1
Liova Ayite Ajavon,1515.1,1500.0,1500.0,1.0,1
Rodrigo Banzer,1515.1,1491.0,1500.0,0.5,2
Jirat Navasirisomboon,1514.9,1477.8,1500.0,0.571,7
Fritz Wolmarans,1514.5,1500.0,1500.0,0.667,3
Jared Donaldson,1514.2,1455.8,1479.6,0.35,111
Alex Llompart,1514.1,1500.0,1500.0,0.667,3
Christian Harrison,1514.1,1487.9,1499.4,0.385,13
Rui Machado,1513.7,1468.9,1500.0,0.4,5
Nerman Fatic,1513.6,1490.7,1500.0,0.429,7
Manuel Sanchez,1513.5,1492.6,1500.0,0.625,8
Cristian Garin,1513.4,1563.8,1511.3,0.5,239
Liam Broady,1513.3,1485.3,1460.1,0.45,55
Daniel Cukierman,1513.2,1501.7,1500.0,0.455,11
Yuttana Charoenphon,1513.1,1500.0,1500.0,0.667,3
Marton Fucsovics,1513.0,1556.3,1540.8,0.45,314
Ainius Sabaliauskas,1513.0,1500.0,1500.0,0.5,2
Youssef Hossam,1512.9,1500.0,1500.0,0.667,3
Lucas Miedler,1512.9,1497.0,1500.0,0.25,4
Yu Hsiou Hsu,1512.8,1500.0,1500.0,0.429,7
Khumoun Sultanov,1512.8,1497.5,1501.5,0.429,7
Juan Carlos Fuentes Vasquez,1512.7,1484.0,1500.0,0.5,2
Petr Nesterov,1512.7,1484.4,1500.0,0.5,2
Yshai Oliel,1512.5,1499.9,1500.0,0.417,12
Jurabek Karimov,1512.4,1509.8,1500.0,0.667,3
Jerome Kym,1512.4,1500.0,1500.0,0.667,3
Nicolas Mahut,1512.1,1501.9,1518.4,0.45,121
Yassine Dlimi,1511.9,1484.0,1500.0,0.5,4
Yanki Erel,1511.7,1476.1,1500.0,0.333,3
Coleman Wong,1511.3,1500.0,1486.7,0.467,15
Gijs Brouwer,1511.2,1501.5,1490.9,0.45,27
Andrea Vavassori,1511.1,1519.5,1484.1,0.45,21
Adrian Ungur,1511.1,1457.0,1500.0,0.412,17
Hady Habib,1510.7,1503.2,1500.0,0.562,16
Elias Ymer,1510.5,1449.5,1481.0,0.3,112
Aslan Karatsev,1510.4,1498.9,1471.4,0.35,164
Alexander Ritschard,1510.1,1475.1,1493.1,0.364,11
Rodrigo Arus,1510.0,1491.4,1500.0,0.333,3
Yong Kyu Lim,1509.7,1500.0,1501.5,0.667,3
Roberto Carballes Baena,1509.3,1569.3,1446.9,0.45,258
Jan Mertl,1509.2,1503.5,1500.0,0.667,3
Ioannis Xilas,1508.9,1500.0,1500.0,0.5,2
Ernests Gulbis,1508.7,1477.5,1493.3,0.35,118
Alexander Donski,1508.5,1500.0,1500.0,0.5,2
Filip Horansky,1508.3,1467.0,1495.5,0.182,11
Aqeel Khan,1508.0,1499.3,1507.7,0.6,21
Philip Henning,1508.0,1461.6,1500.0,0.429,7
Elliot Benchetrit,1507.5,1456.9,1500.0,0.182,11
Nicolas Alvarez Varona,1507.5,1486.6,1500.0,0.333,3
Chris Rodesch,1507.2,1499.1,1500.0,0.571,7
Daniel Brands,1507.1,1476.6,1478.3,0.353,17
Daniel Evans,1507.1,1430.1,1458.4,0.25,301
Soon Woo Kwon,1507.0,1486.3,1490.6,0.25,136
Pablo Llamas Ruiz,1506.7,1502.8,1500.0,0.5,8
Andrew Whittington,1506.6,1500.0,1483.3,0.4,5
Matthias Bachinger,1506.6,1493.6,1494.4,0.45,24
Jacopo Berrettini,1506.3,1500.0,1500.0,0.5,2
Christopher Eubanks,1506.3,1420.8,1554.3,0.35,103
August Holmgren,1506.0,1499.8,1500.0,0.556,9
Yasutaka Uchiyama,1505.8,1492.5,1487.4,0.25,39
Matthew Ebden,1505.1,1485.4,1495.4,0.45,102
Diego Duran,1505.1,1485.5,1500.0,0.333,3
Bernard Tomic,1505.1,1436.1,1509.5,0.35,193
Jose Hernandez,1505.1,1471.0,1500.0,0.308,13
David Souto,1505.1,1488.4,1500.0,0.5,4
Ti Chen,1505.1,1518.9,1500.0,0.75,4
Harry Bourchier,1505.0,1500.0,1500.0,0.5,2
Robin Haase,1504.9,1486.9,1493.5,0.45,231
Aziz Dougaz,1504.8,1495.3,1500.0,0.385,13
Jimmy Wang,1504.8,1500.0,1500.0,0.5,2
Lucas Pouille,1504.7,1467.5,1524.8,0.4,266
Justin Engel,1504.6,1500.0,1500.0,0.5,2
Johannes Ingildsen,1504.5,1500.0,1487.2,0.333,3
Matija Pecotic,1504.4,1500.0,1500.0,0.5,2
Jacob Fearnley,1503.8,1500.0,1494.1,0.4,5
Filip Krajinovic,1503.7,1481.0,1530.5,0.25,233
Nicolas Alvarez,1503.7,1469.6,1500.0,0.583,12
Tristan Lamasine,1503.7,1499.5,1497.1,0.333,9
Federico Agustin Gomez,1503.6,1487.1,1500.0,0.333,3
Mousa Alkotop,1503.5,1500.0,1500.0,0.5,2
Robert Strombachs,1503.5,1500.0,1500.0,0.571,7
Alex Bolt,1503.3,1500.0,1486.9,0.4,48
Rio Noguchi,1502.9,1500.0,1500.0,0.5,2
Tsung Hua Yang,1502.8,1500.0,1500.0,0.5,2
Jiri Vesely,1502.4,1462.9,1519.4,0.4,275
Jui Chen Hung,1502.1,1500.0,1500.0,0.571,7
Victor Hanescu,1502.1,1500.0,1500.0,0.5,2
Aisam Ul Haq Qureshi,1501.9,1500.6,1503.4,0.667,12
Colin Sinclair,1501.8,1500.0,1500.0,0.5,2
Mohd Assri Merzuki,1501.6,1500.0,1500.0,0.5,2
Christopher Diaz Figueroa,1501.6,1500.0,1500.0,0.5,8
Ricardo Rodriguez,1501.5,1500.3,1500.0,0.6,22
Hans Hach Verdugo,1501.4,1500.0,1500.0,0.5,2
Steve Darcis,1501.4,1474.4,1478.7,0.35,95
Gabi Adrian Boitan,1501.3,1495.0,1500.0,0.333,3
Hamid Reza Nadaf,1501.2,1484.7,1500.0,0.5,2
Wilfredo Gonzalez,1501.1,1500.0,1500.0,0.556,9
Peter Bothwell,1500.9,1500.0,1500.0,0.5,2
Duck Hee Lee,1500.9,1500.0,1500.0,0.333,3
Jonathan Mridha,1500.8,1500.0,1500.0,0.5,2
Zhizhen Zhang,1500.7,1585.9,1501.2,0.4,114
Patrik Rosenholm,1500.7,1500.0,1500.0,0.5,2
Valentin Vacherot,1500.5,1461.9,1500.0,0.3,10
Justin Barki,1500.4,1500.0,1500.0,0.5,2
Hong Kit Jack Wong,1500.4,1500.0,1500.0,0.5,8
Alan Fernando Rubio Fierros,1500.4,1492.0,1500.0,0.333,3
Luis David Martinez,1500.3,1496.1,1500.0,0.6,10
Pruchya Isarow,1500.3,1500.0,1500.0,0.5,8
Santiago Maresca,1500.2,1484.6,1500.0,0.333,3
Peter Bertran,1500.2,1500.0,1500.0,0.5,2
Hazem Naw,1500.2,1500.0,1500.0,0.5,2
Martin Antonio Vergara Del Puerto,1500.0,1479.1,1500.0,0.333,3
Francis Casey Alcantara,1500.0,1506.1,1500.0,0.667,3
Aissa Benchakroun,1500.0,1516.0,1500.0,1.0,1
Phuong Van Nguyen,1500.0,1483.4,1500.0,0.0,1
Treat Conrad Huey,1500.0,1515.3,1500.0,1.0,1
Pedro Sakamoto,1500.0,1486.9,1500.0,0.0,1
Dineshkanthan Thangarajah,1500.0,1484.0,1500.0,0.0,1
Mats Moraing,1500.0,1509.4,1493.0,0.333,3
Dawood Sayed Hashim,1500.0,1484.0,1500.0,0.0,1
Andrea Basso,1500.0,1490.6,1500.0,0.0,1
Micke Kontinen,1500.0,1469.4,1500.0,0.0,2
Benjamin Balleret,1500.0,1502.4,1500.0,0.444,9
Juan Pablo Ficovich,1500.0,1502.4,1500.0,0.333,3
Henrik Sillanpaa,1500.0,1472.1,1500.0,0.0,2
Hasan Ibrahim,1500.0,1484.6,1500.0,0.0,1
David Jorda Sanchis,1500.0,1500.8,1500.0,0.5,2
Matteo Gigante,1500.0,1491.2,1500.0,0.333,3
Alejandro Moro Canas,1500.0,1507.5,1483.3,0.333,3
Nikolas Sanchez Izquierdo,1500.0,1489.5,1500.0,0.0,1
Javier Barranco Cosano,1500.0,1483.0,1500.0,0.0,1
Sebastian Fanselow,1500.0,1484.8,1500.0,0.0,1
Henry Searle,1500.0,1500.0,1469.9,0.0,2
Giles Hussey,1500.0,1500.0,1497.6,0.5,2
Luka Mikrut,1500.0,1482.4,1500.0,0.0,1
Alastair Gray,1500.0,1500.0,1487.2,0.25,4
Paul Jubb,1500.0,1500.0,1495.4,0.333,9
Eric Jr. Olivarez,1500.0,1484.0,1500.0,0.0,1
Peter Torebko,1500.0,1480.6,1500.0,0.0,1
Faris Zakaryia,1500.0,1483.8,1500.0,0.0,1
Charles Broom,1500.0,1500.0,1469.5,0.0,2
Francisco Cabral,1500.0,1491.7,1500.0,0.0,1
Hernan Casanova,1500.0,1482.7,1500.0,0.0,1
Lleyton Cronje,1500.0,1484.1,1500.0,0.0,1
Mikhail Ledovskikh,1500.0,1483.2,1500.0,0.0,1
Bastian Trinker,1500.0,1489.0,1500.0,0.333,3
David Vega Hernandez,1500.0,1480.7,1500.0,0.0,1
Martin Fischer,1500.0,1483.3,1500.0,0.0,1
Matteo Donati,1500.0,1504.1,1500.0,0.5,2
Maxime Hamou,1500.0,1475.1,1500.0,0.0,3
Gianni Mina,1500.0,1497.4,1500.0,0.5,2
Germain Gigounon,1500.0,1487.9,1500.0,0.0,1
Diego Fernandez Flores,1500.0,1515.4,1500.0,1.0,1
Facundo Arguello,1500.0,1469.5,1500.0,0.111,9
Giovanni Lapentti,1500.0,1483.3,1500.0,0.25,4
Pedja Krstin,1500.0,1504.5,1500.0,0.6,5
Carlos Gimeno Valero,1500.0,1483.3,1500.0,0.0,1
Max Hans Rehberg,1500.0,1459.3,1500.0,0.0,4
Ignacio Carou,1500.0,1457.5,1500.0,0.0,4
Andre Ghem,1500.0,1477.2,1500.0,0.0,2
Luis Diego Chavez Villalpando,1500.0,1516.3,1500.0,1.0,1
Farrukh Dustov,1500.0,1475.4,1500.0,0.2,5
Minjong Park,1500.0,1500.0,1484.0,0.0,1
Yasitha De Silva,1500.0,1470.2,1500.0,0.0,3
Alejandro Mendoza,1500.0,1484.3,1500.0,0.0,1
Alex Fairbanks,1500.0,1484.7,1500.0,0.0,1
Alexander Zgirovsky,1500.0,1491.3,1500.0,0.0,1
Finn Reynolds,1500.0,1500.0,1484.2,0.0,1
Hans Podlipnik Castillo,1500.0,1537.9,1500.0,1.0,3
Duilio Beretta,1500.0,1511.0,1500.0,0.5,4
Duilio Vallebuona,1500.0,1484.7,1500.0,0.0,1
Thabo Ncube,1500.0,1484.0,1500.0,0.0,1
Erik Arutiunian,1500.0,1483.0,1500.0,0.0,1
Roey Tabet,1500.0,1484.0,1500.0,0.0,1
David Agung Susanto,1500.0,1500.2,1469.8,0.364,11
Thehan Sanjaya Wijemanne,1500.0,1483.4,1500.0,0.0,1
Andrea Pellegrino,1500.0,1489.0,1500.0,0.333,3
Oriol Roca Batalla,1500.0,1486.6,1500.0,0.333,3
Zdenek Kolar,1500.0,1506.7,1485.5,0.25,4
Filippo Baldi,1500.0,1464.7,1500.0,0.0,3
Raul Brancaccio,1500.0,1485.7,1500.0,0.0,1
Marko Topo,1500.0,1455.7,1500.0,0.0,5
Lukas Neumayer,1500.0,1523.4,1500.0,0.6,5
Alexander Erler,1500.0,1505.1,1500.0,0.5,2
Andres Molteni,1500.0,1483.4,1500.0,0.0,1
Andrea Collarini,1500.0,1478.0,1500.0,0.0,2
Francisco Llanes,1500.0,1488.4,1500.0,0.5,2
Muzammil Murtaza,1500.0,1470.3,1488.0,0.0,4
Adolfo Daniel Vallejo,1500.0,1494.7,1500.0,0.5,4
Iliyan Radulov,1500.0,1516.0,1500.0,1.0,1
Naser Al Obaidly,1500.0,1484.0,1500.0,0.0,1
Juan Carlos Saez,1500.0,1544.0,1500.0,1.0,3
Orlando Luz,1500.0,1514.9,1500.0,0.5,2
Alexander Merino,1500.0,1483.1,1500.0,0.0,1
Mykyta Mashtakov,1500.0,1488.7,1500.0,0.0,1
Luis Carlos Alvarez Valdes,1500.0,1516.0,1500.0,1.0,1
Eduardo Struvay,1500.0,1484.2,1500.0,0.0,1
Mili Poljicak,1500.0,1477.9,1500.0,0.0,2
Santiago Fa Rodriguez Taverna,1500.0,1487.0,1500.0,0.0,1
Franco Agamenone,1500.0,1534.7,1500.0,0.6,5
Viktor Galovic,1500.0,1494.3,1473.7,0.375,8
Giovani Samaha,1500.0,1483.4,1500.0,0.0,1
Riccardo Bellotti,1500.0,1478.9,1500.0,0.0,1
William Blumberg,1500.0,1500.0,1485.3,0.0,1
Daniel Dutra Da Silva,1500.0,1485.5,1500.0,0.0,1
Ivan Gakhov,1500.0,1485.5,1500.0,0.25,4
Uladzimir Ignatik,1500.0,1471.9,1500.0,0.0,2
Rohan Bopanna,1500.0,1500.0,1516.0,1.0,1
Hong Chung,1500.0,1500.0,1484.0,0.0,1
Nikola Cacic,1500.0,1500.5,1500.0,0.5,2
Yann Marti,1500.0,1483.4,1500.0,0.0,1
Johan Nikles,1500.0,1488.2,1500.0,0.25,4
Agustin Velotti,1500.0,1468.1,1500.0,0.0,2
Enrique Lopez Perez,1500.0,1486.6,1500.0,0.0,1
Julian Reister,1500.0,1485.6,1500.0,0.333,3
Maxime Teixeira,1500.0,1484.4,1500.0,0.0,1
Mateus Alves,1500.0,1495.0,1500.0,0.0,1
Oliver Marach,1500.0,1516.0,1500.0,1.0,1
Mauricio Echazu,1500.0,1489.5,1500.0,0.556,9
Daniel Rincon,1500.0,1468.2,1500.0,0.0,3
Younes Lalami Laaroussi,1500.0,1474.1,1500.0,0.0,2
Riccardo Bonadio,1500.0,1484.9,1500.0,0.333,3
Matteo Trevisan,1500.0,1481.0,1500.0,0.0,1
Miljan Zekic,1500.0,1492.6,1500.0,0.333,3
Tihomir Grozdanov,1500.0,1516.0,1500.0,1.0,1
Niels Desein,1500.0,1500.0,1481.8,0.0,1
Dimitar Kutrovsky,1500.0,1497.6,1500.0,0.5,2
Alvaro Lopez San Martin,1500.0,1486.2,1500.0,0.0,1
Daniel Azar,1500.0,1484.0,1500.0,0.0,1
Conor Gannon,1500.0,1477.8,1500.0,0.333,3
Jose  Flores,1500.0,1484.0,1500.0,0.0,1
Genaro Alberto Olivieri,1500.0,1524.7,1500.0,0.667,3
George Loffhagen,1500.0,1500.0,1469.1,0.0,2
Arthur Fery,1500.0,1500.0,1474.0,0.0,2
Alvaro Guillen Meza,1500.0,1497.3,1500.0,0.5,2
Mustapha El Natour,1500.0,1516.0,1500.0,1.0,1
Freddy Murray,1500.0,1516.0,1500.0,1.0,1
Marvin Moeller,1500.0,1483.4,1500.0,0.0,1
Thanapet Chanta,1500.0,1484.0,1500.0,0.0,1
Albano Olivetti,1500.0,1500.0,1483.4,0.0,1
Carl Soderlund,1500.0,1504.6,1500.0,0.5,2
Fred Simonsson,1500.0,1483.5,1500.0,0.0,1
Louis Wessels,1500.0,1500.2,1482.7,0.333,3
Alexander Ward,1500.0,1500.0,1462.8,0.0,3
Marcus Willis,1500.0,1500.0,1503.6,0.5,2
Boris Arias,1500.0,1516.0,1500.0,1.0,1
Jordi Samper Montana,1500.0,1476.7,1500.0,0.0,2
Roberto Ortega Olmedo,1500.0,1481.3,1500.0,0.0,1
Filippo Volandri,1500.0,1474.9,1500.0,0.0,2
Michael Linzer,1500.0,1468.2,1500.0,0.0,2
Lukas Pokorny,1500.0,1521.6,1500.0,1.0,1
Andres Andrade,1500.0,1512.7,1500.0,0.667,3
Joaquin  Aguilar Cardozo ,1500.0,1490.9,1500.0,0.5,4
Maximus Jones,1500.0,1484.0,1500.0,0.0,1
Sina Moghimi,1500.0,1500.3,1500.0,0.5,2
Karim Mohamed Maamoun,1500.0,1499.4,1500.0,0.333,9
Reda El Amrani,1500.0,1498.5,1500.0,0.4,5
Jorge Brian Panta Herreros,1500.0,1523.0,1500.0,1.0,2
Ilya Snitari,1500.0,1467.9,1500.0,0.0,2
Niki Kaliyanda Poonacha,1500.0,1500.0,1516.2,1.0,1
Roman Andres Burruchaga,1500.0,1481.4,1500.0,0.25,4
Oliver Ojakaar,1500.0,1531.3,1500.0,1.0,2
Irakli Metreveli,1500.0,1500.0,1500.0,0.0,1
Giorgi Javakhishvili,1500.0,1500.0,1500.0,0.0,1
Abdulhamid Mubarak,1500.0,1484.0,1500.0,0.0,1
Abdulrahman Alawadhi,1500.0,1484.7,1500.0,0.0,1
Ali Ghareeb,1500.0,1484.5,1500.0,0.0,1
Anis Ghorbel,1500.0,1500.0,1500.0,0.0,1
Manuel Castellanos,1500.0,1485.6,1500.0,0.0,1
Yasir Khan,1500.0,1469.5,1500.0,0.0,2
Marius Copil,1499.9,1465.1,1494.5,0.35,120
Dusan Lajovic,1499.8,1579.3,1437.0,0.45,409
Sharmal Dissanayake,1499.7,1487.6,1500.0,0.375,8
Nik Razborsek,1499.7,1500.0,1483.9,0.333,3
Mark Lajal,1499.6,1485.1,1493.6,0.286,7
Alejandro Gomez Gb42,1499.5,1500.0,1500.0,0.5,2
Antso Rakotondramanga,1499.4,1500.4,1500.0,0.5,6
Temur Ismailov,1499.3,1491.6,1500.0,0.333,3
Alen Avidzba,1499.3,1500.0,1500.0,0.5,2
Yaraslav Shyla,1499.2,1483.7,1500.0,0.429,7
Luca Van Assche,1499.1,1479.5,1472.8,0.3,61
Alejandro Falla,1499.1,1478.8,1492.3,0.35,24
Komlavi Loglo,1499.0,1500.0,1500.0,0.5,2
Harshana Godamanna,1498.9,1515.2,1500.0,0.6,5
Franko Skugor,1498.7,1461.0,1471.4,0.25,21
Ruan Roelofse,1498.4,1500.0,1500.0,0.4,5
Romain Arneodo,1498.4,1515.2,1500.0,0.5,6
Nicola Kuhn,1498.4,1484.0,1476.5,0.25,12
Rudolf Molleker,1498.4,1472.8,1492.7,0.278,18
Samir Iftikhar,1498.3,1500.0,1500.0,0.5,2
Martin Landaluce,1498.2,1446.8,1500.0,0.143,7
Nick Hardt,1498.1,1491.5,1500.0,0.375,8
Jack Sock,1497.9,1483.6,1518.9,0.35,250
Harold Mayot,1497.8,1478.3,1485.5,0.35,20
Otto Virtanen,1497.4,1477.4,1505.3,0.4,26
Maxime Janvier,1497.3,1492.1,1483.3,0.0,6
Lloyd Harris,1497.1,1456.2,1499.4,0.35,158
Ben Patael,1497.1,1483.7,1500.0,0.0,2
Finn Tearney,1496.9,1500.0,1500.0,0.2,5
Andrew Harris,1496.3,1500.0,1500.0,0.333,3
Gunawan Trismuwantara,1496.2,1500.0,1468.3,0.25,4
Leandro Riedi,1496.2,1497.8,1500.0,0.273,11
Radu Albot,1496.1,1510.4,1433.7,0.4,231
Daniel Masur,1495.9,1495.3,1484.3,0.167,6
Franco Roncadelli,1495.8,1520.1,1500.0,0.429,7
Mario Vilella Martinez,1495.8,1503.0,1500.0,0.4,10
Ayed Zatar,1495.8,1467.2,1500.0,0.2,5
Joel Schwaerzler,1495.5,1485.8,1500.0,0.0,2
Juan Alejandro Hernandez Serrano,1495.5,1500.0,1500.0,0.333,3
Ryan Harrison,1495.2,1485.1,1467.0,0.4,134
Roberto Marcora,1495.2,1496.3,1500.0,0.429,7
Arthur De Greef,1495.2,1470.2,1500.0,0.3,10
Juan Monaco,1495.1,1524.5,1493.7,0.4,75
Peter Nagy,1495.1,1498.2,1500.0,0.429,7
Gustavo Heide,1495.0,1480.6,1500.0,0.375,8
Gabor Borsos,1494.9,1490.2,1500.0,0.2,5
Kyrian Jacquet,1494.8,1500.0,1500.0,0.0,1
M Abid Ali Khan Akbar,1494.8,1494.8,1516.0,0.5,4
Omni Kumar,1494.7,1500.0,1500.0,0.4,5
Hiroki Moriya,1494.7,1500.0,1499.1,0.25,8
Nicolas Kicker,1494.4,1468.2,1497.0,0.35,48
Thiago Agustin Tirante,1494.4,1534.7,1500.0,0.471,17
Guido Andreozzi,1494.3,1479.0,1495.4,0.3,39
Sandro Ehrat,1494.2,1475.6,1500.0,0.2,5
Aristotelis Thanos,1494.1,1506.6,1500.0,0.5,4
Omar Jasika,1494.1,1500.0,1500.0,0.25,4
Cem Ilkel,1494.1,1452.0,1495.0,0.35,41
Vladyslav Orlov,1494.0,1500.0,1500.0,0.4,5
Philipp Kohlschreiber,1494.0,1501.2,1499.0,0.4,285
Frank Dancevic,1493.9,1468.7,1511.0,0.353,17
Alberto Lim,1493.7,1492.1,1500.0,0.375,8
Karlis Ozolins,1493.5,1500.0,1500.0,0.4,5
Felipe Meligeni Alves,1493.5,1483.1,1482.6,0.312,16
Marco Chiudinelli,1493.3,1465.7,1496.3,0.316,19
Laurynas Grigelis,1493.3,1500.2,1484.2,0.4,21
Ivan Endara,1493.1,1481.4,1500.0,0.333,6
Jason Kubler,1493.0,1512.9,1516.5,0.35,59
Alessandro Giannessi,1492.9,1471.4,1500.0,0.4,27
Harri Heliovaara,1492.9,1482.6,1500.0,0.462,13
James Ward,1492.7,1493.0,1448.9,0.1,27
Tommy Robredo,1492.7,1469.1,1498.2,0.3,74
Tom Kocevar Desman,1492.7,1516.5,1500.0,0.25,4
Mikael Torpegaard,1492.7,1500.0,1483.5,0.3,10
Marsel Ilhan,1492.7,1481.9,1497.7,0.4,42
Scott Griekspoor,1492.6,1500.0,1500.0,0.0,1
Kyle Edmund,1492.6,1461.2,1499.9,0.2,238
Hugo Nys,1492.6,1516.0,1500.0,0.5,2
Filip Misolic,1492.6,1508.8,1500.0,0.5,18
Florin Mergea,1492.5,1500.0,1500.0,0.0,1
Sebastian Dominko,1492.5,1485.8,1500.0,0.2,5
Carlos Taberner,1492.4,1457.4,1490.1,0.3,38
Lleyton Hewitt,1492.4,1487.0,1474.4,0.333,15
Palaphoom Kovapitukted,1492.4,1511.1,1500.0,0.5,4
Gonzalo Bueno,1492.3,1488.4,1500.0,0.333,3
Blaz Rola,1492.2,1517.4,1499.2,0.4,21
Mehdi Jdi,1492.1,1500.0,1500.0,0.0,2
Jan Zielinski,1492.1,1500.0,1500.0,0.0,1
Amr Elsayed Abdou Ahmed Mohamed,1492.1,1491.9,1500.0,0.375,8
Lamine Ouahab,1491.9,1523.9,1500.0,0.5,16
Daniil Glinka,1491.9,1500.0,1500.0,0.5,2
Maximo Gonzalez,1491.9,1452.8,1500.0,0.2,15
Horacio Zeballos,1491.8,1530.0,1445.1,0.45,93
Cedrik Marcel Stebe,1491.8,1496.5,1481.1,0.35,44
Nishesh Basavareddy,1491.8,1500.0,1500.0,0.333,3
Philip Sekulic,1491.7,1500.0,1500.0,0.333,3
Nino Serdarusic,1491.6,1473.5,1500.0,0.2,10
Kuan Yi Lee,1491.6,1500.0,1500.0,0.5,4
Wishaya Trongcharoenchaikul,1491.5,1490.2,1500.1,0.611,18
Yi Zhou,1491.4,1488.1,1500.0,0.364,11
Eduardo Nava,1491.4,1487.0,1500.0,0.0,2
Alexandros Skorilas,1491.3,1500.0,1500.0,0.5,2
Cayetano March,1491.3,1500.0,1500.0,0.5,2
Joao Domingues,1491.3,1497.9,1500.0,0.5,14
Kacper Zuk,1491.3,1489.5,1500.0,0.375,8
Petros Tsitsipas,1491.1,1490.6,1500.0,0.429,7
Alec Beckley,1491.1,1485.1,1500.0,0.0,2
Albert Montanes,1491.0,1510.8,1488.2,0.45,32
Daniil Ostapenkov,1491.0,1512.1,1500.0,0.333,3
Ruben Gonzales,1490.9,1537.3,1500.0,0.667,6
Guido Pella,1490.8,1465.6,1504.7,0.4,253
Mardy Fish,1490.7,1500.0,1500.0,0.333,6
Grega Zemlja,1490.7,1503.0,1500.0,0.375,8
Ye Cong Mo,1490.6,1500.0,1500.0,0.0,1
Jurij Rodionov,1490.6,1503.4,1491.4,0.45,44
Ignacio Buse,1490.5,1511.1,1500.0,0.5,4
Lorenzo Giustino,1490.4,1481.7,1500.0,0.125,8
Julian Lenz,1490.4,1491.9,1500.0,0.0,2
Nikola Milojevic,1490.4,1493.6,1500.0,0.417,12
Michael Bassem Sobhy,1490.3,1484.0,1500.0,0.0,2
Enzo Couacaud,1490.2,1479.6,1483.0,0.182,11
Sam Riffice,1490.2,1500.0,1500.0,0.0,1
Amine Ahouda,1490.0,1481.3,1500.0,0.25,8
Evan Furness,1489.9,1500.0,1500.0,0.0,1
Kimmer Coppejans,1489.9,1492.3,1489.9,0.2,20
Manuel Guinard,1489.8,1497.7,1500.0,0.4,10
Bruno Britez,1489.8,1499.1,1500.0,0.333,3
Kasidit Samrej,1489.8,1500.0,1500.0,0.429,7
Danilo Petrovic,1489.7,1502.2,1500.0,0.4,5
Jan Hernych,1489.7,1500.0,1493.2,0.4,5
Andreas Beck,1489.6,1482.6,1500.0,0.0,2
Matteo Martineau,1489.6,1500.0,1484.7,0.0,2
Philip Bester,1489.6,1487.8,1500.0,0.0,2
Gerardo Lopez Villasenor,1489.5,1492.0,1500.0,0.385,13
Quentin Halys,1489.5,1550.0,1522.5,0.55,97
Yunseong Chung,1489.4,1500.0,1484.6,0.0,2
Billy Harris,1489.4,1500.0,1518.0,0.533,15
David Szintai,1489.4,1500.0,1500.0,0.0,1
Duje Ajdukovic,1489.4,1496.1,1500.0,0.375,16
Antoine Bellier,1489.2,1495.5,1526.1,0.385,13
Joao Sousa,1489.0,1446.0,1451.5,0.25,372
Darwin Blanch,1488.9,1490.4,1500.0,0.0,2
Jacob Rasolondrazana,1488.8,1484.7,1500.0,0.0,2
Lukas Hellum Lilleengen,1488.8,1500.0,1500.0,0.5,2
Mohamed Safwat,1488.8,1532.7,1500.1,0.5,32
Andreja Petrovic,1488.8,1500.0,1500.0,0.0,1
Fabrice Martin,1488.7,1500.0,1484.0,0.0,2
Isaac Becroft,1488.7,1500.0,1500.0,0.0,1
Alexandre Sidorenko,1488.6,1500.0,1500.0,0.333,3
Carlos Berlocq,1488.6,1420.4,1483.4,0.2,70
Alexandre Muller,1488.6,1523.2,1510.1,0.45,66
Ki Lung Ng,1488.5,1500.0,1500.0,0.333,3
Thomaz Bellucci,1488.3,1483.8,1491.7,0.2,145
Jesus Bandres,1488.2,1500.0,1500.0,0.0,1
Adria Soriano Barrera,1488.1,1501.2,1500.0,0.333,3
Eliot Spizzirri,1488.0,1500.0,1491.7,0.25,4
Soren Hess Olesen,1488.0,1500.0,1500.0,0.4,5
Diego Schwartzman,1487.9,1478.4,1493.4,0.2,464
Ugo Nastasi,1487.8,1487.9,1500.0,0.167,6
Alejandro Gonzalez,1487.8,1496.2,1500.0,0.25,28
Alex Rybakov,1487.8,1500.0,1500.0,0.0,1
Jesse Huta Galung,1487.7,1485.0,1500.0,0.0,3
Francesco Maestrelli,1487.6,1500.0,1500.0,0.0,1
Alessandro Bega,1487.5,1500.0,1500.0,0.0,1
Patrick Kaukovalta,1487.5,1500.0,1500.0,0.0,1
Luis Patino,1487.4,1489.6,1500.0,0.3,10
Ryan Shane,1487.4,1500.0,1500.0,0.0,1
Stefano Napolitano,1487.4,1495.3,1489.1,0.3,10
Adam Neff,1487.3,1500.0,1500.0,0.0,1
Aljaz Bedene,1487.3,1532.0,1458.2,0.3,244
Alex Diaz,1487.3,1500.0,1500.0,0.5,4
Marin Draganja,1487.2,1500.0,1500.0,0.0,1
Toni Androic,1487.1,1487.9,1500.0,0.0,2
Omar Awadhy,1487.1,1500.0,1500.0,0.0,1
Joao Menezes,1487.1,1480.0,1500.0,0.0,3
Andrey Kuznetsov,1487.0,1494.2,1497.6,0.3,114
Edouard Roger-Vasselin,1486.9,1467.1,1502.2,0.35,23
Trent Bryde,1486.9,1500.0,1500.0,0.0,1
Lucas Catarina,1486.8,1498.1,1500.0,0.222,9
Yusuke Takahashi,1486.8,1500.0,1500.0,0.0,1
Tristan Schoolkate,1486.6,1500.0,1487.8,0.2,5
Jay Clarke,1486.6,1500.0,1439.5,0.154,13
George Tsivadze,1486.5,1480.6,1500.0,0.143,7
Marc Andrea Huesler,1486.5,1443.8,1466.0,0.25,83
Raymond Sarmiento,1486.5,1500.0,1500.0,0.0,1
Michael Vrbensky,1486.4,1500.0,1500.0,0.0,1
Heve Kelley,1486.4,1500.0,1500.0,0.0,1
Roberto Cid,1486.3,1493.3,1500.0,0.2,10
Lukas Mugevicius,1486.2,1511.7,1500.0,0.4,5
Bor Artnak,1486.2,1478.2,1500.0,0.333,6
Karam Hatamleh,1486.2,1500.0,1500.0,0.0,1
Christian Lindell,1486.2,1514.3,1500.0,0.375,8
Justin Lunn,1486.2,1500.0,1500.0,0.0,1
Luciano Ramazzini,1486.1,1500.0,1500.0,0.0,1
Yassine Idmbarek,1486.1,1502.4,1500.0,0.333,3
Viacheslav Bielinskyi,1486.0,1500.0,1500.0,0.333,3
Gilles Kremer,1486.0,1486.4,1500.0,0.0,2
Kevin King,1486.0,1500.0,1494.6,0.2,5
Tobias Kamke,1486.0,1493.8,1508.1,0.4,21
Henri Squire,1485.9,1504.3,1466.5,0.167,6
Christian Sigsgaard,1485.7,1500.0,1487.8,0.429,7
Sebastian Arcila,1485.7,1500.0,1500.0,0.333,3
Mate Pavic,1485.7,1500.0,1493.2,0.0,2
Yanaki Milev,1485.7,1519.8,1500.0,0.5,4
Mathias Bourgue,1485.6,1493.3,1500.0,0.167,6
Artem Dubrivnyy,1485.6,1500.0,1500.0,0.0,1
Martin Cuevas,1485.6,1484.3,1500.0,0.231,13
Ugo Blanchet,1485.5,1503.7,1500.0,0.333,3
Maxim Shin,1485.5,1500.0,1500.0,0.0,1
Illia Biloborodko,1485.5,1497.9,1500.0,0.0,2
Wojciech Marek,1485.5,1500.0,1500.0,0.0,1
Ryan Peniston,1485.5,1500.0,1486.4,0.462,13
Tim Van Rijthoven,1485.5,1500.0,1525.6,0.55,22
Spencer Newman,1485.4,1500.0,1500.0,0.0,1
Jose Rubin Statham,1485.4,1500.0,1490.0,0.235,17
Matthew Forbes,1485.4,1500.0,1500.0,0.0,1
Evgeny Karlovskiy,1485.4,1500.0,1500.0,0.0,1
Vladyslav Manafov,1485.4,1500.0,1500.0,0.0,1
Chak Lam Coleman Wong,1485.4,1500.0,1500.0,0.0,1
Bjorn Fratangelo,1485.3,1484.9,1499.7,0.3,62
Murkel Alejandro Dellien Velasco,1485.3,1495.5,1500.0,0.333,6
Nicolas Barrientos,1485.2,1504.6,1500.0,0.25,4
Gonzalo Villanueva,1485.2,1500.0,1500.0,0.0,1
Anil Yuksel,1485.1,1483.9,1500.0,0.0,2
Tao Mu,1485.0,1500.0,1500.0,0.0,1
Yousaf Khalil,1485.0,1500.0,1500.0,0.0,1
Sebastian Dominguez,1485.0,1500.0,1500.0,0.0,1
Francisco Yim Kim,1485.0,1500.0,1500.0,0.0,1
Amer Naow,1485.0,1500.0,1500.0,0.0,1
Eric Quigley,1485.0,1500.0,1500.0,0.0,1
Titouan Droguet,1484.9,1488.1,1500.0,0.25,4
Cesar Cruz,1484.8,1472.8,1500.0,0.0,4
Dmitrii Baskov,1484.8,1500.0,1500.0,0.0,1
Christoffer Konigsfeldt,1484.7,1500.0,1500.0,0.0,1
Sekou Bangoura,1484.7,1500.0,1500.0,0.0,1
Syed Mohd Agil Syed Naguib,1484.7,1500.0,1500.0,0.0,1
Andreas Bjerrehus,1484.7,1500.0,1500.0,0.0,1
Nathan Anthony Barki,1484.6,1500.0,1500.0,0.0,1
Tom Diederich,1484.6,1500.0,1500.0,0.0,1
Emilio Gomez,1484.6,1473.5,1500.0,0.35,43
Kevin Krawietz,1484.6,1500.0,1499.3,0.333,3
Max Purcell,1484.5,1464.6,1487.9,0.5,85
N Sriram Balaji,1484.5,1498.3,1513.7,0.333,3
Aziz Ouakaa,1484.5,1516.0,1500.0,0.5,2
Nicholas David Ionel,1484.5,1504.3,1500.0,0.4,5
Austin Smith,1484.5,1500.0,1500.0,0.0,1
Danylo Kalenichenko,1484.4,1500.0,1500.0,0.0,1
Caleb Chakravarthi,1484.4,1500.0,1500.0,0.0,1
Brian Shi,1484.4,1500.0,1500.0,0.0,1
Sheil Kotecha,1484.4,1500.0,1500.0,0.0,1
Rayane Roumane,1484.3,1500.0,1500.0,0.0,1
Andrea Arnaboldi,1484.3,1497.2,1491.8,0.308,13
Gian Marco Moroni,1484.3,1482.5,1500.0,0.25,4
Marko Tepavac,1484.3,1500.0,1500.0,0.0,1
Ching Lam,1484.2,1500.0,1500.0,0.0,1
Evgenii Tiurnev,1484.2,1500.0,1500.0,0.0,2
Hei Yin Andrew Li,1484.2,1500.0,1500.0,0.0,1
Hao Sheng Koay,1484.2,1500.0,1500.0,0.0,1
Lukas Klein,1484.1,1495.7,1491.7,0.45,30
Edas Butvilas,1484.1,1491.4,1493.7,0.2,5
Walid Ahouda,1484.0,1500.0,1500.0,0.0,1
Mark Chigaazira,1484.0,1500.0,1500.0,0.0,1
Amir Hossein Badi,1484.0,1500.0,1500.0,0.0,1
Andrei Ciumac,1484.0,1500.0,1500.0,0.0,1
Matavao Fanguna,1484.0,1500.0,1500.0,0.0,1
Luca Preda,1484.0,1500.0,1500.0,0.0,1
Russell Moseley,1484.0,1500.0,1500.0,0.0,1
Jack Mingjie Lin,1484.0,1500.0,1500.0,0.0,1
Soufiane El Mesbahi,1484.0,1500.0,1500.0,0.0,1
Yassir Kilani,1484.0,1500.0,1500.0,0.0,1
Roman Hassanov,1484.0,1500.0,1500.0,0.0,1
Tim Puetz,1484.0,1500.0,1500.0,0.0,1
Devin Badenhorst,1484.0,1500.0,1500.0,0.0,1
Jacob Bicknell,1484.0,1500.0,1500.0,0.0,1
Takuto Niki,1484.0,1500.0,1500.0,0.0,1
Liam Krall,1484.0,1500.0,1500.0,0.0,1
N Vijay Sundar Prashanth,1484.0,1500.0,1500.0,0.0,1
Peter August Anker,1484.0,1500.0,1500.0,0.0,1
Jose Olivares,1484.0,1479.8,1500.0,0.0,3
Cheng Yu Yu,1484.0,1500.0,1500.0,0.0,1
Michel Saade,1484.0,1500.0,1500.0,0.0,1
Rhyne Williams,1484.0,1500.0,1500.0,0.0,1
Gabriel Donev,1484.0,1500.0,1500.0,0.0,1
Chuhan Wang,1484.0,1500.0,1500.0,0.0,1
Andrej Nedic,1484.0,1476.6,1500.0,0.0,3
Arturs Lazdins,1484.0,1500.0,1500.0,0.0,1
Rafa Orantes,1484.0,1500.0,1500.0,0.0,1
Kevin Cheruiyot,1484.0,1500.0,1500.0,0.0,1
Alexis Klegou,1484.0,1500.0,1500.0,0.0,1
Marcos Lee Chan Baratau,1484.0,1500.0,1500.0,0.0,1
Karim Alayli,1484.0,1500.0,1500.0,0.0,1
Kwok Shun Dasson Chan,1484.0,1500.0,1500.0,0.0,1
Nour Nehme,1484.0,1500.0,1500.0,0.0,1
Siim Troost,1484.0,1500.0,1500.0,0.0,1
Egor Matvievici,1484.0,1500.0,1500.0,0.0,1
Hsien Yin Peng,1484.0,1500.0,1500.0,0.0,1
Jack Cheng,1484.0,1500.0,1500.0,0.0,1
Nikoloz Davlianidze,1484.0,1500.0,1500.0,0.0,1
Gabriel Flores Ruiz,1484.0,1500.0,1500.0,0.0,1
Lucky Candra Kurniawan,1484.0,1500.0,1500.0,0.0,1
Xavier Lawrence,1484.0,1500.0,1500.0,0.0,1
Julien Cagnina,1484.0,1500.0,1500.0,0.0,1
Min Kyu Song,1484.0,1500.0,1500.0,0.0,1
Hamza Karmoussi,1484.0,1500.0,1500.0,0.0,1
Sebastian Quiros,1484.0,1500.0,1500.0,0.0,1
Kyle Johnson,1483.9,1500.0,1500.0,0.0,1
Tegar Abdi Satrio Wibowo,1483.9,1500.0,1500.0,0.0,1
Michael Lammer,1483.9,1500.0,1500.0,0.0,1
Siddharth Vishwakarma,1483.8,1500.0,1500.0,0.0,1
Ulises Blanch,1483.8,1500.0,1500.0,0.0,1
Benjamin Lock,1483.8,1492.9,1500.0,0.615,13
Raul Garcia,1483.8,1500.0,1500.0,0.0,1
Aldin Setkic,1483.8,1490.7,1500.0,0.0,2
Philip Hjorth,1483.7,1500.0,1500.0,0.0,1
Muhammad Althaf Dhaifullah,1483.7,1500.0,1500.0,0.0,1
Orel Kimhi,1483.7,1500.0,1500.0,0.0,1
Adam Moundir,1483.7,1486.9,1500.0,0.25,4
Rafael Eduardo Gonzalez Retana,1483.7,1500.0,1500.0,0.0,1
Delmas Ntcha,1483.7,1500.0,1500.0,0.0,1
Juan Lugo,1483.7,1500.0,1500.0,0.0,1
Jc Aragone,1483.7,1500.0,1483.8,0.0,4
Edgars Manusis,1483.6,1500.0,1500.0,0.0,1
Dmitry Popko,1483.6,1482.6,1500.0,0.333,12
Collin Altamirano,1483.6,1500.0,1500.0,0.0,1
Andrei Soltoianu,1483.5,1500.0,1500.0,0.0,1
Nicholas Campbell,1483.5,1500.0,1500.0,0.0,1
Darko Bojanovic,1483.5,1500.0,1500.0,0.0,1
Gillian Osmont,1483.5,1500.0,1500.0,0.0,1
Jad Ballout,1483.5,1493.0,1500.0,0.0,2
Filip Peliwo,1483.5,1469.3,1500.0,0.0,3
Marcelo Demoliner,1483.4,1500.0,1500.0,0.333,3
Marcus Daniell,1483.4,1500.0,1500.0,0.0,1
Nicolae Frunza,1483.4,1500.0,1500.0,0.0,1
Federico Zeballos,1483.4,1491.3,1500.0,0.333,9
Mikelis Libietis,1483.3,1490.6,1500.0,0.25,4
Alexios Halebian,1483.3,1500.0,1500.0,0.0,1
Brydan Klein,1483.3,1500.0,1462.3,0.143,7
Emil Reinberg,1483.2,1500.0,1500.0,0.0,1
Ismael Changawa Ruwa Mzai,1483.2,1500.0,1500.0,0.0,1
Adam Hornby,1483.2,1479.7,1500.0,0.0,3
Menelaos Efstathiou,1483.2,1492.5,1500.0,0.2,5
Michael Russell,1483.2,1500.0,1500.0,0.0,1
Yuta Shimizu,1483.2,1500.0,1508.8,0.5,2
Dimitri Badra,1483.1,1500.0,1500.0,0.0,1
Dac Tien Nguyen,1483.1,1500.0,1500.0,0.0,2
Antoine Escoffier,1483.0,1500.0,1500.0,0.0,1
Juan Borba,1483.0,1495.4,1500.0,0.0,2
Jan Satral,1482.9,1490.3,1500.0,0.2,5
Frederico Ferreira Silva,1482.9,1496.0,1500.0,0.364,11
Fajing Sun,1482.9,1489.0,1500.0,0.0,2
Artem Sitak,1482.8,1500.0,1500.0,0.0,1
Antonio Veic,1482.7,1500.0,1500.0,0.0,1
Dudi Sela,1482.7,1446.9,1522.1,0.45,93
Benjamin Mitchell,1482.7,1500.0,1500.0,0.0,1
Theo Papamalamis,1482.6,1500.0,1500.0,0.0,1
Mirza Basic,1482.6,1492.9,1495.9,0.25,66
Julius Tverijonas,1482.6,1486.7,1500.0,0.0,3
Cole Gromley,1482.6,1500.0,1500.0,0.0,1
Oliver Anderson,1482.6,1500.0,1500.0,0.0,1
Alex Kuznetsov,1482.5,1500.0,1484.0,0.0,2
Alexandar Lazov,1482.5,1486.9,1500.0,0.25,4
Lucas Andriamasilalao,1482.5,1500.0,1500.0,0.0,1
Manas Dhamne,1482.5,1500.0,1500.0,0.0,1
Gonzalo Lama,1482.4,1487.1,1500.0,0.545,11
Courtney John Lock,1482.4,1500.0,1500.0,0.0,3
Kaichi Uchida,1482.4,1500.0,1509.2,0.4,5
Isak Arvidsson,1482.3,1486.1,1500.0,0.2,5
Mehluli Don Ayanda Sibanda,1482.3,1483.3,1500.0,0.0,4
Jonathan Eysseric,1482.2,1500.0,1500.0,0.0,1
Brandon Perez,1482.1,1495.5,1500.0,0.0,3
Evan King,1482.1,1500.0,1500.0,0.25,4
Stefan Kozlov,1482.1,1497.0,1468.3,0.2,33
Ante Pavic,1482.1,1500.0,1490.3,0.2,5
Francesco Passaro,1482.0,1478.0,1500.0,0.333,18
Matteo Viola,1482.0,1500.0,1490.2,0.0,2
Amir Milushev,1482.0,1500.0,1500.0,0.0,1
Clement Chidekh,1482.0,1500.0,1500.0,0.0,1
Lluis Miralles,1481.9,1500.0,1500.0,0.0,1
Kenneth Raisma,1481.9,1500.0,1500.0,0.0,2
Jan Choinski,1481.9,1494.8,1464.4,0.2,10
Nikola Mektic,1481.9,1495.0,1500.0,0.25,8
Mahammad Abid,1481.8,1498.8,1500.0,0.0,3
Facundo Mena,1481.8,1500.0,1500.0,0.0,1
Kris Van Wyk,1481.7,1500.0,1500.0,0.25,4
Vit Kopriva,1481.7,1452.9,1491.9,0.333,18
Matthew Foster Estwick,1481.6,1500.0,1500.0,0.0,2
Mattias Siimar,1481.5,1500.0,1500.0,0.0,2
Hernando Jose Escurra Isnardi,1481.4,1509.6,1500.0,0.333,3
Joao Pedro Sorgi,1481.4,1500.0,1500.0,0.333,3
Joris De Loore,1481.3,1498.3,1500.0,0.167,6
Dustin Brown,1481.2,1481.9,1491.9,0.35,89
Oleksii Krutykh,1481.1,1490.9,1500.0,0.286,7
Leonardo Mayer,1481.0,1461.7,1493.0,0.25,187
Simen Sunde Bratholm,1480.9,1500.0,1500.0,0.333,3
Minhtuan Pham,1480.8,1500.0,1500.0,0.0,3
Branko Djuric,1480.8,1500.0,1500.0,0.0,1
Thomas Fancutt,1480.7,1500.0,1500.0,0.0,1
Illya Marchenko,1480.5,1489.6,1481.7,0.3,75
Gilles Muller,1480.4,1474.5,1600.3,0.25,194
Blake Mott,1480.4,1500.0,1500.0,0.0,2
Jesper De Jong,1480.4,1497.9,1493.8,0.2,10
Dzmitry Zhyrmont,1480.3,1495.4,1500.0,0.429,7
Yuki Bhambri,1480.2,1496.7,1504.7,0.3,40
Corentin Moutet,1480.2,1523.8,1493.1,0.4,156
Simon Carr,1480.2,1500.0,1500.0,0.2,5
Andres Martin,1480.2,1500.0,1500.0,0.25,4
Petros Chrysochos,1480.1,1500.1,1500.0,0.25,8
Rodrigo Crespo Piedra,1479.9,1500.0,1500.0,0.0,2
Jarkko Nieminen,1479.8,1496.2,1481.3,0.4,33
Alexander Sarkissian,1479.8,1500.0,1500.0,0.333,6
Julian Saborio,1479.5,1500.0,1500.0,0.0,3
Maks Kasnikowski,1479.5,1500.0,1500.0,0.5,4
Michael Geerts,1479.4,1510.5,1500.0,0.333,3
Joao Souza,1478.9,1422.2,1489.9,0.1,32
Mohsen Hossein Zade,1478.8,1494.3,1500.0,0.0,3
Vaclav Safranek,1478.8,1483.2,1500.0,0.0,3
Rajeev Ram,1478.6,1494.8,1492.4,0.35,48
Nicolas Almagro,1478.6,1532.6,1489.6,0.4,105
Mike Urbanija,1478.6,1500.0,1500.0,0.0,2
Muhammad Shoaib,1478.5,1492.5,1490.8,0.167,6
Stefanos Sakellaridis,1478.4,1500.0,1500.0,0.25,4
Martin Klizan,1478.2,1511.0,1466.5,0.25,174
Juan Carlos Prado Angelo,1478.1,1516.0,1500.0,0.333,3
Luke Saville,1478.0,1500.0,1498.2,0.0,5
Kenny De Schepper,1478.0,1474.3,1495.5,0.3,31
Jabor Al Mutawa,1478.0,1500.0,1500.0,0.0,2
Denis Yevseyev,1477.9,1504.2,1500.0,0.25,4
Zura Tkemaladze,1477.9,1500.0,1500.0,0.25,4
Dimitar Kuzmanov,1477.7,1481.1,1500.0,0.45,35
Jesse Flores,1477.6,1500.0,1500.0,0.0,3
Giulio Zeppieri,1477.6,1465.2,1500.0,0.3,20
Richard Gasquet,1477.5,1450.8,1490.6,0.2,409
Strong Kirchheimer,1477.3,1500.0,1500.0,0.0,2
Michael Berrer,1477.3,1432.8,1479.0,0.35,29
Patrik Niklas Salminen,1477.2,1509.3,1500.0,0.25,4
Jaime Faria,1477.1,1472.2,1500.0,0.0,4
Vladimir Ivanov,1477.1,1500.0,1500.0,0.25,4
Martins Rocens,1477.0,1500.0,1500.0,0.0,2
Calvin Hemery,1477.0,1497.0,1500.0,0.182,11
Austin Krajicek,1477.0,1481.9,1463.5,0.4,32
Anoosha Shahgholi,1477.0,1490.6,1500.0,0.0,3
Egor Gerasimov,1476.9,1488.9,1501.3,0.3,113
Patrick Tierro,1476.9,1507.4,1500.0,0.333,3
Amir Weintraub,1476.9,1500.3,1494.5,0.286,7
Timofey Skatov,1476.8,1557.9,1500.0,0.471,17
Benjamin Hannestad,1476.8,1500.0,1500.0,0.333,3
Camilo Ugo Carabelli,1476.6,1482.8,1500.0,0.308,13
Adrien Bossel,1476.6,1486.5,1491.3,0.0,4
Sergiy Stakhovsky,1476.5,1496.9,1489.0,0.4,112
Rowland Phillips,1476.5,1486.0,1500.0,0.286,7
Vincent Millot,1476.4,1500.0,1494.9,0.316,19
Noah Rubin,1476.4,1488.2,1489.9,0.3,27
Hugo Gaston,1476.4,1559.0,1494.6,0.5,96
Daniel Munoz de la Nava,1476.4,1394.8,1500.0,0.188,16
Osgar Ohoisin,1476.3,1500.6,1500.0,0.333,6
Renzo Olivo,1476.1,1482.6,1496.9,0.35,53
Sergey Fomin,1476.1,1500.0,1500.0,0.286,7
Go Soeda,1476.0,1497.7,1495.0,0.35,32
Ruben Bemelmans,1476.0,1498.8,1488.5,0.25,56
Aditya Hari Sasongko,1475.9,1485.0,1500.0,0.2,5
Dalibor Svrcina,1475.6,1500.0,1500.0,0.333,6
Skander Mansouri,1475.5,1500.5,1500.0,0.167,6
Paolo Lorenzi,1475.5,1455.3,1455.2,0.35,181
Nicolaas Scholtz,1475.4,1500.0,1500.0,0.429,7
Laurent Lokoli,1475.3,1498.6,1482.5,0.0,6
Janis Podzus,1475.2,1488.9,1500.0,0.0,3
Oleksandr Ovcharenko,1475.2,1500.0,1500.0,0.0,2
Dane Sweeny,1475.2,1500.0,1500.0,0.333,6
Mubarak Shannan Zayid,1475.0,1500.0,1500.0,0.0,4
Saba Purtseladze,1474.9,1500.0,1500.0,0.4,5
Shahin Khaledan,1474.6,1506.2,1500.0,0.333,6
Lukasz Kubot,1474.6,1500.0,1500.0,0.25,4
Vilius Gaubas,1474.6,1493.7,1500.0,0.286,7
Gerald Melzer,1474.6,1485.6,1500.0,0.35,47
Somdev Devvarman,1474.5,1500.0,1500.0,0.333,6
Mate Valkusz,1474.3,1495.2,1500.0,0.222,9
Mikhail Kukushkin,1474.3,1456.7,1487.9,0.25,249
Pedro Sousa,1474.2,1463.1,1492.4,0.35,40
Tomislav Ternar,1474.2,1500.0,1500.0,0.0,2
Steven Diez,1473.9,1467.8,1500.0,0.143,14
Janko Tipsarevic,1473.9,1478.9,1467.7,0.4,64
Gilles Arnaud Bailly,1473.7,1500.0,1500.0,0.0,2
Inigo Cervantes Huegun,1473.6,1454.1,1475.3,0.3,38
Karl Friberg,1473.5,1500.0,1500.0,0.0,2
Stefano Travaglia,1473.5,1457.3,1483.2,0.3,84
Jeson Patrombon,1473.5,1479.9,1500.0,0.273,11
Attila Balazs,1473.3,1501.1,1492.7,0.35,34
Prajnesh Gunneswaran,1473.2,1492.6,1485.4,0.3,39
Mitchell Krueger,1473.0,1502.2,1496.8,0.35,31
Adrian Menendez Maceiras,1473.0,1474.2,1496.1,0.3,21
Seanon Williams,1472.9,1473.5,1500.0,0.0,5
Maxime Cressy,1472.8,1425.2,1508.3,0.15,101
Kristjan Tamm,1472.7,1479.2,1500.0,0.286,7
David Guez,1472.6,1500.0,1500.0,0.0,2
Jordi Munoz Abreu,1472.6,1490.4,1500.0,0.125,8
Haydn Lewis,1472.5,1481.2,1500.0,0.125,8
Yen Hsun Lu,1472.5,1483.8,1465.7,0.3,90
Davis Rolis,1472.5,1500.0,1500.0,0.0,2
Benjamin Hassan,1472.4,1538.2,1500.0,0.55,25
Pablo Nunez,1472.0,1500.0,1500.0,0.0,2
Martins Podzus,1471.9,1517.6,1500.0,0.5,8
Tilen Zitnik,1471.9,1500.0,1500.0,0.0,2
Yannick Maden,1471.5,1500.7,1485.2,0.35,26
Nick Chappell,1471.5,1500.0,1500.0,0.0,2
Alexey Vatutin,1471.5,1487.6,1500.0,0.222,9
Marco Trungelliti,1471.5,1524.5,1495.0,0.35,37
Kaipo Marshall,1471.4,1500.0,1500.0,0.25,8
Pak Long Yeung,1471.3,1500.0,1500.0,0.0,2
Gleb Sakharov,1471.2,1502.9,1500.0,0.25,4
Mate Delic,1471.0,1472.5,1500.0,0.0,5
Nenad Zimonjic,1470.9,1500.0,1500.0,0.0,2
Zhe Li,1470.9,1500.0,1500.0,0.267,15
Chun Hun Wong,1470.8,1500.0,1500.0,0.0,2
Thiemo De Bakker,1470.8,1491.3,1488.2,0.25,35
Wai Yu Kai,1470.7,1500.0,1500.0,0.0,2
Jozef Kovalik,1470.6,1521.0,1493.2,0.4,81
Tomas Vaise,1470.4,1500.0,1500.0,0.0,2
Lukas Rosol,1470.2,1506.2,1481.8,0.45,112
Seong Chan Hong,1470.2,1500.0,1498.0,0.25,21
J J Wolf,1470.2,1490.1,1505.6,0.3,98
Adrian Bodmer,1470.0,1500.0,1500.0,0.0,2
Pere Riba,1470.0,1482.6,1500.0,0.0,3
Ibrahim Abou Chahine,1469.9,1500.0,1500.0,0.0,2
Franz Luna Lavidalie,1469.8,1500.0,1500.0,0.0,2
Clement Mainguy,1469.8,1500.0,1500.0,0.0,2
Philip Wilbert Major,1469.7,1500.0,1500.0,0.0,2
Donald Young,1469.7,1464.9,1506.8,0.15,149
Sanjar Fayziev,1469.6,1497.9,1496.5,0.143,14
Daniel Glancy,1469.5,1500.0,1500.0,0.0,2
Danai Udomchoke,1469.5,1500.0,1500.0,0.0,2
Maxim Bulat,1469.4,1500.0,1500.0,0.0,2
Arjun Kadhe,1469.3,1500.0,1500.0,0.0,4
Martin Pedersen,1469.3,1500.0,1500.0,0.0,2
Andreas Seppi,1469.2,1442.8,1509.4,0.35,264
Steve Johnson,1469.0,1506.1,1523.1,0.35,340
Quinton Vega,1469.0,1500.0,1500.0,0.0,2
Alexandar Lazarov,1469.0,1510.6,1500.0,0.333,12
Bar Tzuf Botzer,1469.0,1500.0,1500.0,0.0,2
Abdullah Maqdas,1468.7,1500.4,1500.0,0.25,4
Michael Agwi,1468.7,1531.8,1500.0,0.4,5
Thiago Monteiro,1468.5,1560.8,1454.2,0.4,222
Kevin Anderson,1468.4,1518.5,1572.4,0.3,301
Yan Bai,1468.4,1500.0,1500.0,0.2,5
Viktor Durasovic,1468.4,1499.9,1500.0,0.3,27
Christophe Tholl,1468.3,1500.0,1500.0,0.0,2
Di Wu,1468.3,1483.6,1500.0,0.3,25
Hugo Dellien,1468.2,1453.2,1478.8,0.25,90
Sho Shimabukuro,1468.0,1500.0,1483.7,0.333,12
Puriwat Chatpatcharoen,1467.9,1500.0,1500.0,0.0,2
Jie Cui,1467.8,1500.0,1500.0,0.0,2
Tomislav Brkic,1467.7,1493.2,1500.0,0.333,9
Sasi Kumar Mukund,1467.6,1500.0,1484.4,0.0,4
Linh Giang Trinh,1467.6,1496.2,1500.0,0.0,3
Daniel Altmaier,1467.6,1471.9,1456.8,0.35,127
Dragos Nicolae Madaras,1467.5,1483.9,1500.0,0.0,4
Marc Polmans,1467.5,1502.6,1483.2,0.3,23
Warit Sornbutnark,1467.5,1500.0,1500.0,0.25,4
Adam Pavlasek,1466.8,1513.8,1504.2,0.4,15
Thai Son Kwiatkowski,1466.8,1500.0,1498.3,0.0,7
Pavel Kotov,1466.8,1544.2,1498.4,0.4,80
Dino Prizmic,1466.6,1495.1,1500.0,0.273,11
Facundo Bagnis,1466.5,1503.0,1477.9,0.35,121
Daniel Windahl,1466.4,1500.0,1500.0,0.0,2
Thien Nguyen Hoang,1466.3,1500.0,1500.0,0.25,4
Taro Daniel,1466.1,1455.8,1418.1,0.2,228
Daniel Gimeno Traver,1466.1,1477.3,1480.5,0.4,51
Adrian Andreev,1466.1,1500.0,1500.0,0.222,9
Alexander Kudryavtsev,1465.8,1500.0,1483.4,0.0,4
Michael Venus,1465.6,1496.9,1500.0,0.308,13
Peter Gojowczyk,1465.3,1457.8,1497.5,0.2,154
Tadas Babelis,1465.0,1473.8,1500.0,0.0,5
Michal Przysiezny,1464.4,1500.0,1491.7,0.222,9
Guilherme Clezar,1464.2,1475.8,1500.0,0.1,10
Bradley Klahn,1464.0,1491.7,1493.8,0.2,34
Jason Jung,1463.9,1494.3,1504.3,0.35,35
Aleksandr Nedovyesov,1463.3,1477.5,1493.2,0.167,12
Brandon Holt,1463.2,1500.0,1500.0,0.222,9
Daniel Michalski,1462.5,1500.0,1500.0,0.25,4
Dennis Novikov,1462.4,1500.0,1489.7,0.286,14
Lukas Lacko,1462.2,1498.4,1503.6,0.35,76
Alexander Blockx,1461.9,1500.0,1500.0,0.0,3
Abedallah Shelbayh,1461.9,1475.0,1475.4,0.214,14
Tomas Barrios Vera,1461.7,1490.2,1498.1,0.25,22
Benoit Paire,1461.5,1419.7,1489.0,0.2,378
Gregoire Barrere,1461.5,1480.7,1510.1,0.35,101
Gianluigi Quinzi,1461.4,1502.7,1500.0,0.2,5
Jurgen Zopp,1461.3,1516.2,1500.0,0.4,21
Akira Santillan,1461.1,1474.8,1500.3,0.222,9
Blaz Kavcic,1461.1,1482.8,1481.4,0.25,27
Terence Atmane,1460.9,1506.7,1500.0,0.286,14
Dmitry Tursunov,1460.7,1467.2,1471.9,0.143,14
Rafael Arevalo,1460.5,1500.0,1500.0,0.0,4
Zachary Svajda,1460.5,1500.0,1482.7,0.3,22
Tatsuma Ito,1460.3,1497.2,1497.6,0.3,35
Saketh Myneni,1460.2,1500.0,1513.7,0.25,4
Tigre Hank,1459.9,1479.8,1500.0,0.0,5
James Mccabe,1459.6,1500.0,1485.3,0.0,4
Matic Kriznik,1459.5,1509.2,1500.0,0.25,4
Ignacio Garcia,1459.4,1500.0,1500.0,0.2,5
Kiranpal Pannu,1459.3,1500.0,1500.0,0.143,7
Gastao Elias,1459.1,1502.0,1491.3,0.3,58
Vitaliy Sachko,1459.0,1485.2,1500.0,0.0,7
Ji Sung Nam,1458.9,1500.0,1510.9,0.286,7
Raphael Collignon,1458.6,1500.0,1500.0,0.0,3
Roberto Quiroz,1458.3,1503.2,1496.2,0.421,19
Pablo Andujar,1458.2,1462.4,1473.9,0.25,167
Rodrigo Pacheco Mendez,1457.8,1524.4,1500.0,0.333,9
Nicolas Moreno De Alboran,1457.6,1505.3,1500.0,0.353,17
Malek Jaziri,1457.5,1503.4,1479.1,0.3,191
Gianluca Mager,1457.1,1510.9,1500.3,0.4,59
Anthony Susanto,1456.9,1498.8,1500.0,0.0,5
Pablo Cuevas,1456.4,1496.4,1476.9,0.3,284
Salvatore Caruso,1456.3,1411.2,1465.5,0.15,63
Luca Vanni,1456.1,1479.0,1495.0,0.25,23
Denis Kudla,1455.9,1459.5,1503.5,0.35,166
Artem Smirnov,1455.3,1481.3,1500.0,0.0,5
James Mcgee,1455.3,1500.0,1500.0,0.0,4
Simone Bolelli,1455.2,1518.9,1503.6,0.4,84
Mikhail Youzhny,1454.9,1371.3,1445.6,0.3,125
Yuichi Sugita,1454.8,1467.0,1493.5,0.35,119
Takanyi Garanganga,1454.8,1500.0,1500.0,0.364,11
Ivo Karlovic,1454.7,1483.4,1507.8,0.25,218
Leo Borg,1454.6,1492.0,1500.0,0.182,11
Eero Vasa,1454.6,1500.0,1500.0,0.143,7
Rigele Te,1454.4,1518.2,1500.0,0.333,6
Edan Leshem,1454.4,1503.9,1500.0,0.333,15
Viktor Troicki,1454.3,1489.6,1499.2,0.35,215
Ze Zhang,1454.2,1515.6,1500.0,0.35,26
Tennys Sandgren,1454.1,1471.4,1505.4,0.25,123
Alexander Cozbinov,1453.9,1500.0,1500.0,0.0,3
Rudolfs Mednis,1453.9,1500.0,1500.0,0.0,4
Emilio Nava,1453.8,1488.5,1485.0,0.167,18
Hugo Grenier,1453.8,1471.7,1500.0,0.3,24
Liam Caruana,1453.6,1500.0,1500.0,0.0,4
Lucas Gomez,1453.5,1509.1,1500.0,0.214,14
Andrej Martin,1453.5,1479.1,1497.4,0.3,57
Maximilian Marterer,1453.4,1487.3,1480.7,0.3,120
Juan Ignacio Londero,1453.2,1471.2,1479.4,0.2,83
Norbert Gombos,1452.6,1502.1,1484.1,0.3,79
Li Tu,1452.5,1500.0,1475.4,0.1,10
Luca Nardi,1451.8,1449.8,1471.4,0.25,31
Ajeet Rai,1451.7,1500.0,1500.0,0.143,7
Daniels Tens,1451.7,1500.0,1500.0,0.0,4
Feliciano Lopez,1450.7,1444.0,1492.1,0.25,300
Peter Polansky,1450.3,1479.0,1488.9,0.25,26
Antoine Hoang,1450.3,1499.7,1501.3,0.316,19
Mischa Zverev,1449.7,1464.6,1515.8,0.2,170
Ethan Quinn,1449.2,1500.0,1504.8,0.25,8
Aleksandar Kovacevic,1448.9,1430.0,1495.6,0.25,48
Igor Sijsling,1448.8,1477.3,1477.8,0.35,24
Federico Gaio,1448.5,1483.8,1500.0,0.167,18
Oscar Otte,1448.4,1497.6,1503.9,0.3,86
Teymuraz Gabashvili,1447.8,1471.0,1471.5,0.25,77
Alberto Emmanuel Alvarado Larin,1447.7,1500.0,1500.0,0.0,8
Michail Pervolarakis,1447.4,1487.9,1500.0,0.154,13
Guillermo Garcia Lopez,1446.7,1481.8,1486.0,0.3,185
Geoffrey Blancaneaux,1446.3,1488.7,1500.0,0.0,6
Rogerio Dutra Silva,1445.4,1436.3,1469.7,0.3,63
Juan Pablo Varillas,1444.3,1513.9,1487.7,0.3,84
Ignaci Roca,1443.9,1500.0,1500.0,0.0,4
Sebastian Baez,1443.8,1689.9,1444.6,0.4,179
Andreas Haider Maurer,1443.7,1419.9,1469.1,0.15,60
Aleksandre Metreveli,1443.6,1502.3,1500.0,0.222,9
Stephane Robert,1443.4,1487.6,1493.2,0.2,55
Sam Barry,1443.2,1500.0,1500.0,0.0,4
Damir Dzumhur,1443.2,1507.1,1506.1,0.35,254
Pedro Martinez,1442.7,1558.0,1450.5,0.35,159
Dennis Novak,1441.3,1463.2,1479.9,0.2,79
Fabio Fognini,1441.1,1555.1,1526.6,0.4,443
Ernesto Escobedo,1440.8,1464.5,1497.3,0.3,63
Thomas Fabbiano,1439.9,1450.5,1518.6,0.3,87
Santiago Giraldo,1439.5,1484.8,1497.0,0.35,101
Mariano Navone,1439.1,1586.8,1458.9,0.25,42
Denis Istomin,1438.1,1487.3,1493.9,0.2,171
Brian Baker,1438.0,1463.2,1477.3,0.167,12
Facundo Diaz Acosta,1436.3,1571.3,1486.7,0.4,41
Nikoloz Basilashvili,1435.7,1491.4,1520.7,0.25,317
Tim Smyczek,1435.5,1470.5,1483.2,0.35,66
Sumit Nagal,1435.0,1480.0,1484.0,0.25,48
John Patrick Smith,1433.5,1500.0,1489.8,0.15,24
Daniel Elahi Galan,1432.8,1440.3,1518.3,0.3,126
Shintaro Mochizuki,1429.3,1492.1,1463.4,0.15,22
Henri Laaksonen,1428.7,1476.6,1481.1,0.2,110
Constant Lestienne,1428.6,1448.0,1437.0,0.2,59
Andrey Golubev,1427.0,1475.0,1500.0,0.214,14
Evgeny Donskoy,1426.3,1478.1,1463.4,0.2,115
Fernando Verdasco,1425.7,1467.4,1480.3,0.25,317
Brayden Schnur,1425.3,1500.0,1473.0,0.2,22
Marinko Matosevic,1425.1,1429.7,1469.1,0.158,19
Nicolas Mejia,1424.7,1509.2,1500.0,0.188,16
James Duckworth,1424.5,1479.9,1504.8,0.35,150
Tommy Haas,1422.9,1452.4,1476.8,0.3,31
Ramkumar Ramanathan,1417.1,1498.5,1528.2,0.2,60
Benjamin Becker,1416.7,1438.6,1475.8,0.25,62
Sam Querrey,1416.6,1483.8,1527.6,0.2,290
Adam Walton,1414.6,1483.4,1499.9,0.214,14
Marcel Granollers,1414.6,1486.3,1549.4,0.4,132
Sam Groth,1406.3,1481.9,1507.2,0.25,68
Chun Hsin Tseng,1406.2,1487.6,1491.9,0.15,32
Ivan Dodig,1402.2,1543.1,1482.6,0.35,47
Pedro Cachin,1401.1,1458.1,1481.4,0.15,72
Luciano Darderi,1398.7,1593.9,1488.0,0.3,54
Albert Ramos,1398.5,1479.9,1424.5,0.25,446
Paul Henri Mathieu,1398.1,1493.0,1485.5,0.25,67
Federico Coria,1395.7,1490.4,1456.0,0.35,127
Victor Estrella,1394.6,1497.0,1437.7,0.15,97
Marco Cecchinato,1390.7,1511.6,1442.3,0.4,203
Florian Mayer,1384.4,1431.4,1515.2,0.15,80
Jaume Munar,1383.6,1509.0,1455.8,0.25,224
Federico Delbonis,1374.3,1510.3,1438.2,0.25,275
Konstantin Kravchuk,1368.5,1506.8,1499.1,0.2,23
Bernabe Zapata Miralles,1364.4,1519.2,1431.9,0.2,97
